"Timestamp","Which district you are from?","Gender","Age range ","Highest education qualification ","Occupation ","Monthly Income ","Do you have a savings / current account?","Does your bank provide online banking application services?","Do you own a smartphone that is capable of running mobile banking apps? ","Do you use a self-care mobile banking app? ","How many different bank accounts do you have?","How do you fulfill your banking needs? (you can select multiple answers)","When do you use bank counters? (you can select multiple answers)","When do you use ATM (you can select multiple answers)","How far you usually travel to access your bank / ATM","How often you use bank / ATM per week","Do you think ATM and bank counters are more secure than mobile banking applications?","Are the ATM and bank counters a faster way to do transactions than mobile applications?","Are you afraid that you might make any mistakes when doing payments and transactions via online banking applications?","Does the process of onboarding to the mobile baking application for the first time too much time-consuming?","Should the online banking application fee be reduced?","Should the banking application user experience be improved? ","Given the COVID19 Social Distancing and Lockdowns, Will you consider moving towards online banking applications?"
"2020/10/30 1:14:40 am GMT+5:30","Kurunegala","Male","25 - 45","Master's / PHD","Professional , Technical","Above 100 000","Yes","Yes","Yes","Yes","","","","","","","","","","","","",""
"2020/10/30 8:33:58 am GMT+5:30","Colombo","Male","25 - 45","Diploma / Bachelor's Degree","Professional , Technical","Above 100 000","Yes","Yes","Yes","Yes","","","","","","","","","","","","",""
"2020/10/30 8:34:37 am GMT+5:30","Kurunegala","Male","25 - 45","Diploma / Bachelor's Degree","Student","Not Applicable","Yes","Yes","Yes","Yes","","","","","","","","","","","","",""
"2020/10/30 8:35:47 am GMT+5:30","Batticaloa","Male","25 - 45","Diploma / Bachelor's Degree","Professional , Technical","50 000 - 100 000","Yes","Yes","Yes","Yes","","","","","","","","","","","","",""
"2020/10/30 8:36:12 am GMT+5:30","Kurunegala","Male","25 - 45","Diploma / Bachelor's Degree","Student","Not Applicable","Yes","Yes","Yes","Yes","","","","","","","","","","","","",""
"2020/10/30 8:38:15 am GMT+5:30","Colombo","Female","25 - 45","Diploma / Bachelor's Degree","Professional , Technical","Above 100 000","Yes","Yes","Yes","Yes","","","","","","","","","","","","",""
"2020/10/30 8:43:05 am GMT+5:30","Colombo","Male","25 - 45","Advance Level","Service and sales worker (shops and business)","50 000 - 100 000","Yes","Yes","Yes","No","2","Bank Counter;ATM","Money Withdrawal;Transfer / Deposit;Pay Utility Bills","Money Withdrawal;Check the account status / balance","< 2 Km","1 - 3","Strongly Agree","Disagree","Strongly Agree","Agree","Strongly Agree","Agree","Maybe"
"2020/10/30 8:48:41 am GMT+5:30","Kurunegala","Male","16 - 25","Diploma / Bachelor's Degree","Software Engineer","50 000 - 100 000","Yes","Yes","Yes","Yes","","","","","","","","","","","","",""
"2020/10/30 8:52:03 am GMT+5:30","Kurunegala","Male","16 - 25","Diploma / Bachelor's Degree","Software Engineer","50 000 - 100 000","Yes","Yes","Yes","Yes","","","","","","","","","","","","",""
"2020/10/30 9:07:11 am GMT+5:30","Colombo","Male","25 - 45","Diploma / Bachelor's Degree","Professional , Technical","Above 100 000","Yes","Yes","Yes","Yes","","","","","","","","","","","","",""
"2020/10/30 9:08:39 am GMT+5:30","Colombo","Male","25 - 45","Diploma / Bachelor's Degree","Professional , Technical","Above 100 000","Yes","Yes","Yes","Yes","","","","","","","","","","","","",""
"2020/10/30 9:17:29 am GMT+5:30","Ampara","Female","25 - 45","Diploma / Bachelor's Degree","Student","Not Applicable","Yes","Maybe","Yes","No","2","ATM","Check the account status / balance","Money Withdrawal","< 2 Km","1 - 3","Agree","Strongly Agree","Neutral","Disagree","Agree","Agree","Maybe"
"2020/10/30 9:23:13 am GMT+5:30","Kurunegala","Male","16 - 25","Diploma / Bachelor's Degree","Software Engineer","50 000 - 100 000","Yes","Yes","Yes","Yes","","","","","","","","","","","","",""
"2020/10/30 9:24:12 am GMT+5:30","Colombo","Female","25 - 45","Master's / PHD","Professional , Technical","Above 100 000","Yes","Yes","Yes","Yes","","","","","","","","","","","","",""
"2020/10/30 9:24:51 am GMT+5:30","Colombo","Female","25 - 45","Master's / PHD","Professional , Technical","Above 100 000","Yes","Yes","Yes","Yes","","","","","","","","","","","","",""
"2020/10/30 9:26:17 am GMT+5:30","Colombo","Female","25 - 45","Master's / PHD","Professional , Technical","Above 100 000","Yes","Yes","Yes","Yes","","","","","","","","","","","","",""
"2020/10/30 9:29:24 am GMT+5:30","Colombo","Male","25 - 45","Master's / PHD","Medical officer","Above 100 000","Yes","Yes","Yes","Yes","","","","","","","","","","","","",""
"2020/10/30 9:30:30 am GMT+5:30","Jaffna","Female","25 - 45","Diploma / Bachelor's Degree","Professional , Technical","Above 100 000","Yes","Yes","Yes","Yes","","","","","","","","","","","","",""
"2020/10/30 9:32:09 am GMT+5:30","Ampara","Female","16 - 25","Diploma / Bachelor's Degree","Manager","Above 100 000","Yes","Yes","Yes","Yes","","","","","","","","","","","","",""
"2020/10/30 9:45:36 am GMT+5:30","Kurunegala","Male","16 - 25","Diploma / Bachelor's Degree","Professional , Technical","50 000 - 100 000","Yes","Yes","Yes","Yes","","","","","","","","","","","","",""
"2020/10/30 9:56:15 am GMT+5:30","Colombo","Male","25 - 45","Diploma / Bachelor's Degree","Professional , Technical","Above 100 000","Yes","Yes","Yes","No","1","ATM;Bank website","I don't use bank counters","Money Withdrawal","Walking distance","1 - 3","Agree","Disagree","Neutral","Agree","Agree","Strongly Agree","Yes"
"2020/10/30 9:56:29 am GMT+5:30","Kurunegala","Male","16 - 25","Diploma / Bachelor's Degree","Professional , Technical","50 000 - 100 000","Yes","Yes","Yes","Yes","","","","","","","","","","","","",""
"2020/10/30 9:58:44 am GMT+5:30","Kurunegala","Male","16 - 25","Diploma / Bachelor's Degree","Professional , Technical","50 000 - 100 000","Yes","Yes","Yes","Yes","","","","","","","","","","","","",""
"2020/10/30 10:03:37 am GMT+5:30","Ampara","Female","25 - 45","Advance Level","Retired","15 000 - 50 000","Yes","Yes","Yes","No","1","Bank Counter;ATM","I don't use bank counters;Transfer / Deposit;Pay Utility Bills","Transfer / Deposit;Pay Utility Bills","Walking distance","1 - 3","Agree","Agree","Agree","Agree","Agree","Agree","Yes"
"2020/10/30 10:09:09 am GMT+5:30","Matara","Male","25 - 45","Diploma / Bachelor's Degree","Professional , Technical","50 000 - 100 000","Yes","Yes","Yes","Yes","","","","","","","","","","","","",""
"2020/10/30 10:10:33 am GMT+5:30","Puttalam","Male","25 - 45","Diploma / Bachelor's Degree","Professional , Technical","Above 100 000","Yes","Yes","Yes","Yes","","","","","","","","","","","","",""
"2020/10/30 10:37:03 am GMT+5:30","Colombo","Male","16 - 25","Diploma / Bachelor's Degree","Student","Under 15 000","Yes","Yes","Yes","Yes","","","","","","","","","","","","",""
"2020/10/30 10:42:11 am GMT+5:30","Gampaha","Male","25 - 45","Diploma / Bachelor's Degree","Professional , Technical","Above 100 000","Yes","Yes","Yes","Yes","","","","","","","","","","","","",""
"2020/10/30 10:50:03 am GMT+5:30","Colombo","Female","25 - 45","Master's / PHD","Professional , Technical","Above 100 000","Yes","Yes","Yes","Yes","","","","","","","","","","","","",""
"2020/10/30 11:10:30 am GMT+5:30","Gampaha","Female","25 - 45","Diploma / Bachelor's Degree","Professional , Technical","50 000 - 100 000","Yes","Yes","Yes","Yes","","","","","","","","","","","","",""
"2020/10/30 11:17:00 am GMT+5:30","Kandy","Female","16 - 25","Diploma / Bachelor's Degree","Lawyer","50 000 - 100 000","Yes","Yes","Yes","Yes","","","","","","","","","","","","",""
"2020/10/30 11:39:40 am GMT+5:30","Ampara","Male","25 - 45","Diploma / Bachelor's Degree","Student","Not Applicable","Yes","Yes","Yes","Yes","","","","","","","","","","","","",""
"2020/10/30 11:40:07 am GMT+5:30","Gampaha","Male","25 - 45","Diploma / Bachelor's Degree","Professional , Technical","50 000 - 100 000","Yes","Yes","Yes","No","3","ATM","I don't use bank counters","Money Withdrawal;Transfer / Deposit;Check the account status / balance","< 2 Km","1 - 3","Neutral","Disagree","Disagree","Disagree","Agree","Neutral","Maybe"
"2020/10/30 11:40:42 am GMT+5:30","Ampara","Male","25 - 45","Diploma / Bachelor's Degree","Student","Not Applicable","Yes","Yes","Yes","Yes","","","","","","","","","","","","",""
"2020/10/30 11:41:04 am GMT+5:30","Kurunegala","Male","25 - 45","Diploma / Bachelor's Degree","Student","Not Applicable","Yes","Yes","Yes","Yes","","","","","","","","","","","","",""
"2020/10/30 11:44:10 am GMT+5:30","Puttalam","Female","16 - 25","Diploma / Bachelor's Degree","Student","Not Applicable","Yes","Yes","Yes","No","1","ATM","Money Withdrawal;Check the account status / balance","Money Withdrawal;Check the account status / balance","7 - 15 Km","1 - 3","Neutral","Agree","Agree","Neutral","Neutral","Neutral","Yes"
"2020/10/30 11:45:11 am GMT+5:30","Nuwara Eliya","Female","25 - 45","Diploma / Bachelor's Degree","Student","Not Applicable","Yes","Yes","Yes","No","2","Bank Counter;ATM","Pay Utility Bills;Credit card payments / Loan payments","Money Withdrawal;Transfer / Deposit","7 - 15 Km","1 - 3","Strongly Disagree","Disagree","Neutral","Neutral","Neutral","Disagree","Yes"
"2020/10/30 11:46:40 am GMT+5:30","Badulla","Male","16 - 25","Diploma / Bachelor's Degree","Student","15 000 - 50 000","Yes","Yes","Yes","Yes","","","","","","","","","","","","",""
"2020/10/30 11:52:40 am GMT+5:30","Kurunegala","Male","16 - 25","Diploma / Bachelor's Degree","Professional , Technical","15 000 - 50 000","Yes","Yes","Yes","No","1","Bank Counter;ATM","Transfer / Deposit;Pay Utility Bills","Money Withdrawal;Transfer / Deposit","3 - 6 Km","1 - 3","Agree","Neutral","Agree","Strongly Agree","Agree","Agree","Yes"
"2020/10/30 11:55:01 am GMT+5:30","Ampara","Male","16 - 25","Advance Level","Student","Not Applicable","Yes","Yes","Yes","Yes","","","","","","","","","","","","",""
"2020/10/30 12:08:11 pm GMT+5:30","Kurunegala","Male","25 - 45","Diploma / Bachelor's Degree","Professional , Technical","15 000 - 50 000","No","Yes","Yes","No","2","Bank Counter;ATM","Money Withdrawal;Transfer / Deposit;Pay Utility Bills;Check the account status / balance","Money Withdrawal;Transfer / Deposit;Check the account status / balance","< 2 Km","1 - 3","Agree","Disagree","Neutral","Neutral","Agree","Agree","Yes"
"2020/10/30 12:11:02 pm GMT+5:30","Vavuniya","Female","16 - 25","Diploma / Bachelor's Degree","Student","Not Applicable","Yes","No","Yes","No","3","ATM","Pay Utility Bills","Money Withdrawal;Transfer / Deposit;Check the account status / balance","3 - 6 Km","6 - 10","Neutral","Neutral","Neutral","Neutral","Disagree","Agree","Yes"
"2020/10/30 12:13:14 pm GMT+5:30","Batticaloa","Male","25 - 45","Diploma / Bachelor's Degree","Student","Not Applicable","Yes","Yes","Yes","No","More than 3","ATM","I don't use bank counters","Money Withdrawal;Transfer / Deposit;Check the account status / balance","3 - 6 Km","1 - 3","Agree","Disagree","Disagree","Disagree","Agree","Agree","Yes"
"2020/10/30 12:15:56 pm GMT+5:30","Ampara","Male","25 - 45","Diploma / Bachelor's Degree","Professional , Technical","50 000 - 100 000","Yes","Yes","Yes","Yes","","","","","","","","","","","","",""
"2020/10/30 12:21:42 pm GMT+5:30","Kegalle","Male","16 - 25","Diploma / Bachelor's Degree","Student","Not Applicable","Yes","Yes","Yes","Yes","","","","","","","","","","","","",""
"2020/10/30 12:22:27 pm GMT+5:30","Puttalam","Male","16 - 25","Diploma / Bachelor's Degree","Student","Not Applicable","Yes","No","Yes","No","3","Bank Counter;ATM","Transfer / Deposit;Pay Utility Bills;Check the account status / balance","Money Withdrawal","Walking distance","1 - 3","Strongly Agree","Strongly Agree","Strongly Agree","Strongly Agree","Strongly Agree","Agree","Maybe"
"2020/10/30 1:06:23 pm GMT+5:30","Kurunegala","Female","16 - 25","Advance Level","Student teacher trainee","Not Applicable","Yes","Yes","Yes","No","3","ATM","Transfer / Deposit","Money Withdrawal","< 2 Km","1 - 3","Neutral","Disagree","Neutral","Neutral","Agree","Agree","Yes"
"2020/10/30 1:06:45 pm GMT+5:30","Kurunegala","Female","16 - 25","Advance Level","Student teacher trainee","Not Applicable","Yes","Yes","Yes","No","3","ATM","Transfer / Deposit","Money Withdrawal","< 2 Km","1 - 3","Neutral","Disagree","Neutral","Neutral","Agree","Agree","Yes"
"2020/10/30 1:24:24 pm GMT+5:30","Colombo","Female","25 - 45","Diploma / Bachelor's Degree","Manager","Above 100 000","Yes","Yes","Yes","Yes","","","","","","","","","","","","",""
"2020/10/30 1:45:35 pm GMT+5:30","Trincomalee","Female","16 - 25","Diploma / Bachelor's Degree","Student","Not Applicable","Yes","Yes","Yes","No","2","ATM","I don't use bank counters;Money Withdrawal;Transfer / Deposit;Check the account status / balance","Money Withdrawal;Transfer / Deposit;Check the account status / balance","3 - 6 Km","1 - 3","Agree","Agree","Agree","Disagree","Agree","Agree","Yes"
"2020/10/30 2:09:24 pm GMT+5:30","Kurunegala","Male","25 - 45","Diploma / Bachelor's Degree","Business man ","50 000 - 100 000","Yes","Yes","Yes","Yes","","","","","","","","","","","","",""
"2020/10/30 2:40:50 pm GMT+5:30","Nuwara Eliya","Female","16 - 25","Diploma / Bachelor's Degree","Student","Under 15 000","Yes","Yes","Yes","No","3","ATM","I don't use bank counters","Transfer / Deposit;Pay Utility Bills;Check the account status / balance","< 2 Km","1 - 3","Neutral","Disagree","Agree","Neutral","Strongly Agree","Agree","Yes"
"2020/10/30 3:15:23 pm GMT+5:30","Trincomalee","Male","16 - 25","Diploma / Bachelor's Degree","Student","Not Applicable","Yes","Maybe","No","No","1","ATM","I don't use bank counters","Transfer / Deposit","Walking distance","1 - 3","Agree","Disagree","Agree","Disagree","Agree","Agree","Yes"
"2020/10/30 6:59:04 pm GMT+5:30","Kurunegala","Male","25 - 45","Diploma / Bachelor's Degree","Professional , Technical","Above 100 000","Yes","Yes","Yes","Yes","","","","","","","","","","","","",""
"2020/10/30 8:28:01 pm GMT+5:30","Kandy","Male","25 - 45","Diploma / Bachelor's Degree","Student","Not Applicable","Yes","Yes","Yes","Yes","","","","","","","","","","","","",""
"2020/10/30 8:28:22 pm GMT+5:30","Colombo","Female","25 - 45","Diploma / Bachelor's Degree","Manager","Above 100 000","Yes","Yes","Yes","Yes","","","","","","","","","","","","",""
"2020/10/30 10:03:35 pm GMT+5:30","Kandy","Male","25 - 45","Diploma / Bachelor's Degree","Student","Not Applicable","Yes","Yes","Yes","Yes","","","","","","","","","","","","",""
"2020/10/31 3:56:02 pm GMT+5:30","Colombo","Male","25 - 45","Diploma / Bachelor's Degree","Professional , Technical","Above 100 000","Yes","Yes","Yes","No","1","ATM;Bank website","I don't use bank counters","Money Withdrawal","Walking distance","1 - 3","Agree","Disagree","Neutral","Agree","Agree","Strongly Agree","Yes"
"2020/10/31 8:14:42 pm GMT+5:30","Colombo","Male","25 - 45","Diploma / Bachelor's Degree","Professional , Technical","Above 100 000","Yes","Yes","Yes","No","1","ATM;Bank website","I don't use bank counters","Money Withdrawal","Walking distance","1 - 3","Agree","Disagree","Neutral","Agree","Agree","Strongly Agree","Yes"
"2020/10/31 11:04:56 pm GMT+5:30","Gampaha","Female","60 +","Diploma / Bachelor's Degree","Retired","50 000 - 100 000","Yes","Yes","No","No","2","Bank Counter;ATM","Money Withdrawal;Transfer / Deposit","Money Withdrawal","3 - 6 Km","1 - 3","Agree","Strongly Disagree","Agree","Neutral","Agree","Agree","Yes"
"2020/11/01 10:17:24 am GMT+5:30","Kurunegala","Male","45 - 60","Diploma / Bachelor's Degree","Medical officer","Above 100 000","Yes","Yes","Yes","No","2","Bank Counter","Money Withdrawal;Transfer / Deposit;Pay Utility Bills;Credit card payments / Loan payments","I don't use ATM","3 - 6 Km","1 - 3","Strongly Agree","Disagree","Agree","Agree","Agree","Agree","Maybe"
"2020/11/01 10:50:51 am GMT+5:30","Kalutara","Male","25 - 45","Diploma / Bachelor's Degree","Professional , Technical","Above 100 000","Yes","Yes","Yes","No","More than 3","Bank Counter;ATM","I don't use bank counters","Money Withdrawal","< 2 Km","6 - 10","Neutral","Neutral","Neutral","Disagree","Neutral","Agree","Yes"
"2020/11/01 11:44:39 am GMT+5:30","Galle","Female","60 +","Diploma / Bachelor's Degree","Retired","15 000 - 50 000","Yes","Yes","Yes","No","More than 3","ATM","Transfer / Deposit;Check the account status / balance","Transfer / Deposit","7 - 15 Km","1 - 3","Neutral","Neutral","Agree","Neutral","Neutral","Neutral","Maybe"
"2020/11/01 7:53:27 pm GMT+5:30","Kegalle","Male","16 - 25","Diploma / Bachelor's Degree","Professional , Technical","50 000 - 100 000","Yes","Yes","Yes","Yes","","","","","","","","","","","","",""
"2020/11/01 7:58:01 pm GMT+5:30","Ampara","Male","16 - 25","Diploma / Bachelor's Degree","Professional , Technical","50 000 - 100 000","Yes","Yes","Yes","Yes","","","","","","","","","","","","",""
"2020/11/01 8:00:03 pm GMT+5:30","Ampara","Female","25 - 45","Diploma / Bachelor's Degree","Service and sales worker (shops and business)","Under 15 000","Yes","No","No","No","2","ATM","I don't use bank counters","Money Withdrawal;Transfer / Deposit","3 - 6 Km","1 - 3","Neutral","Strongly Disagree","Neutral","Neutral","Neutral","Agree","Maybe"
"2020/11/01 8:00:10 pm GMT+5:30","Ampara","Female","25 - 45","Diploma / Bachelor's Degree","Service and sales worker (shops and business)","Under 15 000","Yes","No","No","No","2","ATM","I don't use bank counters","Money Withdrawal;Transfer / Deposit","3 - 6 Km","1 - 3","Neutral","Strongly Disagree","Neutral","Neutral","Neutral","Agree","Maybe"
"2020/11/01 8:01:43 pm GMT+5:30","Batticaloa","Male","25 - 45","Diploma / Bachelor's Degree","Professional , Technical","50 000 - 100 000","Yes","Yes","Yes","No","3","ATM","Transfer / Deposit","Money Withdrawal","< 2 Km","1 - 3","Neutral","Disagree","Strongly Agree","Neutral","Agree","Strongly Agree","Yes"
"2020/11/01 8:05:19 pm GMT+5:30","Ampara","Male","16 - 25","Diploma / Bachelor's Degree","Professional , Technical","50 000 - 100 000","Yes","Yes","Yes","Yes","","","","","","","","","","","","",""
"2020/11/01 8:05:48 pm GMT+5:30","Batticaloa","Male","25 - 45","Diploma / Bachelor's Degree","Professional , Technical","Above 100 000","Yes","Yes","Yes","Yes","","","","","","","","","","","","",""
"2020/11/01 8:14:34 pm GMT+5:30","Ampara","Female","25 - 45","Diploma / Bachelor's Degree","Waiting for job","Not Applicable","Yes","Maybe","Yes","No","2","ATM","Check the account status / balance","Money Withdrawal;Transfer / Deposit","3 - 6 Km","4 - 6","Neutral","Neutral","Disagree","Disagree","Agree","Agree","Maybe"
"2020/11/01 8:15:00 pm GMT+5:30","Kalutara","Male","25 - 45","Diploma / Bachelor's Degree","Professional , Technical","15 000 - 50 000","Yes","Yes","Yes","No","2","ATM","I don't use bank counters","Money Withdrawal;Transfer / Deposit;Check the account status / balance","< 2 Km","1 - 3","Neutral","Strongly Disagree","Agree","Neutral","Agree","Agree","Yes"
"2020/11/01 8:16:25 pm GMT+5:30","Ampara","Male","25 - 45","Diploma / Bachelor's Degree","Professional , Technical","50 000 - 100 000","Yes","Yes","Yes","Yes","","","","","","","","","","","","",""
"2020/11/01 8:17:02 pm GMT+5:30","Ampara","Male","16 - 25","Diploma / Bachelor's Degree","Student","Under 15 000","Yes","Yes","Yes","Yes","","","","","","","","","","","","",""
"2020/11/01 8:17:19 pm GMT+5:30","Ampara","Male","16 - 25","Diploma / Bachelor's Degree","Professional , Technical","50 000 - 100 000","Yes","Yes","Yes","Yes","","","","","","","","","","","","",""
"2020/11/01 8:19:34 pm GMT+5:30","Colombo","Female","16 - 25","Diploma / Bachelor's Degree","Project Assistant","15 000 - 50 000","Yes","Yes","Yes","No","3","Bank Counter;ATM;Online banking","Money Withdrawal;Transfer / Deposit;Check the account status / balance","Money Withdrawal;Transfer / Deposit","< 2 Km","1 - 3","Neutral","Strongly Disagree","Neutral","Neutral","Strongly Agree","Agree","Yes"
"2020/11/01 8:19:48 pm GMT+5:30","Kegalle","Male","16 - 25","Diploma / Bachelor's Degree","Professional , Technical","50 000 - 100 000","Yes","Yes","Yes","Yes","","","","","","","","","","","","",""
"2020/11/01 8:20:18 pm GMT+5:30","Kurunegala","Female","25 - 45","Diploma / Bachelor's Degree","Medical officer","50 000 - 100 000","Yes","Yes","Yes","No","1","ATM","Money Withdrawal;Transfer / Deposit","Money Withdrawal","Walking distance","1 - 3","Neutral","Strongly Disagree","Agree","Strongly Disagree","Agree","Strongly Agree","Yes"
"2020/11/01 8:25:37 pm GMT+5:30","Ampara","Female","16 - 25","Diploma / Bachelor's Degree","Student","Not Applicable","Yes","No","Yes","No","1","Bank Counter;ATM","Money Withdrawal;Transfer / Deposit","Money Withdrawal","Walking distance","1 - 3","Neutral","Neutral","Strongly Agree","Neutral","Agree","Strongly Agree","Yes"
"2020/11/01 8:28:00 pm GMT+5:30","Gampaha","Male","25 - 45","Diploma / Bachelor's Degree","Student","Not Applicable","Yes","Yes","Yes","Yes","","","","","","","","","","","","",""
"2020/11/01 8:29:28 pm GMT+5:30","Galle","Female","25 - 45","Diploma / Bachelor's Degree","Teacher","50 000 - 100 000","Yes","Yes","Yes","Yes","","","","","","","","","","","","",""
"2020/11/01 8:29:57 pm GMT+5:30","Ampara","Male","25 - 45","Advance Level","Student","Under 15 000","Yes","Yes","Yes","Yes","","","","","","","","","","","","",""
"2020/11/01 8:30:10 pm GMT+5:30","Colombo","Male","16 - 25","Diploma / Bachelor's Degree","Student","Not Applicable","Yes","Yes","Yes","Yes","","","","","","","","","","","","",""
"2020/11/01 8:30:53 pm GMT+5:30","Kandy","Female","25 - 45","Diploma / Bachelor's Degree","Teacher","15 000 - 50 000","Yes","Yes","Yes","No","2","Bank Counter;ATM","Money Withdrawal;Check the account status / balance","Money Withdrawal","< 2 Km","1 - 3","Neutral","Disagree","Agree","Agree","Disagree","Agree","Yes"
"2020/11/01 8:34:14 pm GMT+5:30","Colombo","Male","25 - 45","Diploma / Bachelor's Degree","Professional , Technical","Above 100 000","Yes","Yes","Yes","Yes","","","","","","","","","","","","",""
"2020/11/01 8:34:41 pm GMT+5:30","Anuradhapura","Male","25 - 45","Diploma / Bachelor's Degree","Professional , Technical","Not Applicable","Yes","Yes","Yes","Yes","","","","","","","","","","","","",""
"2020/11/01 8:42:42 pm GMT+5:30","Anuradhapura","Female","25 - 45","Diploma / Bachelor's Degree","Student","Not Applicable","Yes","Maybe","Yes","No","1","ATM","Money Withdrawal;Transfer / Deposit","Money Withdrawal;Transfer / Deposit","7 - 15 Km","1 - 3","Neutral","Disagree","Disagree","Neutral","Agree","Agree","Yes"
"2020/11/01 8:43:54 pm GMT+5:30","Gampaha","Male","25 - 45","Diploma / Bachelor's Degree","Professional , Technical","50 000 - 100 000","Yes","Yes","Yes","Yes","","","","","","","","","","","","",""
"2020/11/01 8:49:58 pm GMT+5:30","Kandy","Female","25 - 45","Diploma / Bachelor's Degree","Student","Not Applicable","Yes","Maybe","Maybe","No","More than 3","Bank Counter;ATM","Money Withdrawal;Transfer / Deposit;Check the account status / balance","Money Withdrawal;Transfer / Deposit;Check the account status / balance","< 2 Km","1 - 3","Neutral","Agree","Agree","Agree","Agree","Neutral","Yes"
"2020/11/01 8:50:02 pm GMT+5:30","Gampaha","Female","25 - 45","Master's / PHD","Professional , Technical","50 000 - 100 000","Yes","No","Yes","No","3","Bank Counter;ATM","Transfer / Deposit","Pay Utility Bills","3 - 6 Km","1 - 3","Agree","Disagree","Neutral","Agree","Neutral","Agree","Yes"
"2020/11/01 8:53:53 pm GMT+5:30","Colombo","Female","25 - 45","Diploma / Bachelor's Degree","Student","Not Applicable","Yes","Yes","Yes","Yes","","","","","","","","","","","","",""
"2020/11/01 8:54:25 pm GMT+5:30","Matara","Male","25 - 45","Diploma / Bachelor's Degree","Student","Not Applicable","Yes","Yes","Yes","Yes","","","","","","","","","","","","",""
"2020/11/01 8:54:25 pm GMT+5:30","Vavuniya","Female","25 - 45","Diploma / Bachelor's Degree","Student","Not Applicable","Yes","Yes","Yes","Yes","","","","","","","","","","","","",""
"2020/11/01 8:55:09 pm GMT+5:30","Puttalam","Female","25 - 45","Diploma / Bachelor's Degree","Student","Not Applicable","Yes","Yes","Yes","Yes","","","","","","","","","","","","",""
"2020/11/01 8:55:29 pm GMT+5:30","Kalutara","Male","25 - 45","Diploma / Bachelor's Degree","Professional , Technical","Under 15 000","Yes","Yes","Yes","Yes","","","","","","","","","","","","",""
"2020/11/01 9:00:19 pm GMT+5:30","Ratnapura","Female","25 - 45","Diploma / Bachelor's Degree","Student","Not Applicable","Yes","Yes","Yes","No","3","ATM","Transfer / Deposit","Transfer / Deposit","Walking distance","1 - 3","Agree","Agree","Disagree","Agree","Disagree","Neutral","No"
"2020/11/01 9:02:29 pm GMT+5:30","Colombo","Female","45 - 60","Diploma / Bachelor's Degree","Teacher","50 000 - 100 000","Yes","Yes","Yes","No","3","Bank Counter;ATM","Transfer / Deposit","Money Withdrawal;Transfer / Deposit;Credit card payments / Loan payments","Walking distance","4 - 6","Neutral","Strongly Disagree","Strongly Agree","Agree","Agree","Strongly Agree","Maybe"
"2020/11/01 9:05:18 pm GMT+5:30","Matara","Male","25 - 45","Diploma / Bachelor's Degree","Professional , Technical","Above 100 000","Yes","Yes","Yes","Yes","","","","","","","","","","","","",""
"2020/11/01 9:07:04 pm GMT+5:30","Moneragala","Female","25 - 45","Diploma / Bachelor's Degree","Student","Not Applicable","Yes","Yes","Yes","No","2","Bank Counter;ATM","Transfer / Deposit","Money Withdrawal","Walking distance","1 - 3","Neutral","Neutral","Neutral","Neutral","Agree","Agree","Yes"
"2020/11/01 9:10:36 pm GMT+5:30","Trincomalee","Male","25 - 45","Diploma / Bachelor's Degree","Student","Not Applicable","Yes","Maybe","No","No","1","Bank Counter;ATM","Transfer / Deposit;Check the account status / balance","Transfer / Deposit;Check the account status / balance","7 - 15 Km","1 - 3","Neutral","Neutral","Agree","Agree","Neutral","Agree","Yes"
"2020/11/01 9:12:21 pm GMT+5:30","Badulla","Male","25 - 45","Diploma / Bachelor's Degree","Professional , Technical","50 000 - 100 000","Yes","Yes","Yes","Yes","","","","","","","","","","","","",""
"2020/11/01 9:17:54 pm GMT+5:30","Ampara","Female","25 - 45","Diploma / Bachelor's Degree","Student","Not Applicable","Yes","Yes","Yes","Yes","","","","","","","","","","","","",""
"2020/11/01 9:20:10 pm GMT+5:30","Puttalam","Female","25 - 45","Diploma / Bachelor's Degree","Student","15 000 - 50 000","Yes","Yes","Yes","No","2","ATM","I don't use bank counters","Money Withdrawal","3 - 6 Km","1 - 3","Agree","Disagree","Agree","Agree","Neutral","Neutral","Yes"
"2020/11/01 9:27:43 pm GMT+5:30","Jaffna","Female","16 - 25","Diploma / Bachelor's Degree","Professional , Technical","Not Applicable","Yes","Yes","Maybe","Yes","","","","","","","","","","","","",""
"2020/11/01 9:29:47 pm GMT+5:30","Kandy","Female","25 - 45","Diploma / Bachelor's Degree","Student","Not Applicable","Yes","Yes","Yes","Yes","","","","","","","","","","","","",""
"2020/11/01 9:33:20 pm GMT+5:30","Batticaloa","Male","25 - 45","Master's / PHD","Professional , Technical","50 000 - 100 000","Yes","Yes","Yes","Yes","","","","","","","","","","","","",""
"2020/11/01 9:45:32 pm GMT+5:30","Kalutara","Male","25 - 45","Master's / PHD","Professional , Technical","Above 100 000","Yes","Yes","Yes","Yes","","","","","","","","","","","","",""
"2020/11/01 9:53:16 pm GMT+5:30","Gampaha","Female","25 - 45","Diploma / Bachelor's Degree","Skilled agricultural, forestry and fishery worker","15 000 - 50 000","Yes","Yes","Yes","No","2","Bank Counter;ATM","Money Withdrawal;Transfer / Deposit","Money Withdrawal;Transfer / Deposit","3 - 6 Km","4 - 6","Neutral","Neutral","Neutral","Neutral","Neutral","Neutral","Yes"
"2020/11/01 9:54:23 pm GMT+5:30","Colombo","Female","45 - 60","Master's / PHD","Professional , Technical","Above 100 000","Yes","Yes","Yes","No","1","Bank Counter;ATM","Money Withdrawal;Transfer / Deposit;Credit card payments / Loan payments","Money Withdrawal;Transfer / Deposit;Pay Utility Bills;Credit card payments / Loan payments;Check the account status / balance","Walking distance","4 - 6","Neutral","Neutral","Neutral","Neutral","Agree","Agree","Yes"
"2020/11/01 10:04:19 pm GMT+5:30","Gampaha","Male","25 - 45","Diploma / Bachelor's Degree","Student","15 000 - 50 000","Yes","Yes","Yes","Yes","","","","","","","","","","","","",""
"2020/11/01 10:04:51 pm GMT+5:30","Gampaha","Female","25 - 45","Diploma / Bachelor's Degree","Student","Not Applicable","Yes","Yes","Yes","No","1","Bank Counter;ATM","Transfer / Deposit","Money Withdrawal;Transfer / Deposit;Check the account status / balance","Walking distance","1 - 3","Strongly Agree","Disagree","Agree","Neutral","Agree","Agree","Maybe"
"2020/11/01 10:20:29 pm GMT+5:30","Ampara","Female","25 - 45","Diploma / Bachelor's Degree","Student","Not Applicable","Yes","Yes","Yes","No","2","Bank Counter;ATM","Transfer / Deposit","Money Withdrawal;Check the account status / balance","< 2 Km","1 - 3","Agree","Disagree","Strongly Agree","Neutral","Neutral","Neutral","No"
"2020/11/01 10:21:34 pm GMT+5:30","Galle","Male","25 - 45","Diploma / Bachelor's Degree","Software engineer","Above 100 000","Yes","Yes","Yes","Yes","","","","","","","","","","","","",""
"2020/11/01 10:29:17 pm GMT+5:30","Colombo","Male","25 - 45","Diploma / Bachelor's Degree","Professional , Technical","Above 100 000","Yes","Yes","Yes","Yes","","","","","","","","","","","","",""
"2020/11/01 10:41:03 pm GMT+5:30","Kegalle","Female","16 - 25","Diploma / Bachelor's Degree","Professional , Technical","Under 15 000","Yes","Yes","Yes","Yes","","","","","","","","","","","","",""
"2020/11/01 10:44:57 pm GMT+5:30","Ampara","Female","25 - 45","Diploma / Bachelor's Degree","Student","Not Applicable","Yes","Yes","Yes","No","1","ATM","Money Withdrawal;Transfer / Deposit","Money Withdrawal","< 2 Km","1 - 3","Agree","Strongly Disagree","Agree","Disagree","Agree","Agree","Yes"
"2020/11/01 10:47:56 pm GMT+5:30","Matara","Female","25 - 45","Diploma / Bachelor's Degree","Student","15 000 - 50 000","Yes","Yes","Yes","Yes","","","","","","","","","","","","",""
"2020/11/01 10:49:34 pm GMT+5:30","Kandy","Male","25 - 45","Diploma / Bachelor's Degree","Service and sales worker (shops and business)","Not Applicable","Yes","Yes","Yes","Yes","","","","","","","","","","","","",""
"2020/11/01 10:50:34 pm GMT+5:30","Matara","Female","25 - 45","Diploma / Bachelor's Degree","Translator ","15 000 - 50 000","Yes","Yes","Yes","No","2","ATM","Money Withdrawal;Transfer / Deposit;Check the account status / balance","Money Withdrawal;Transfer / Deposit;Check the account status / balance","More than 15 Km","1 - 3","Agree","Neutral","Neutral","I don't know because I havent  used that account ","I don't have any idea about that","Neutral","Maybe"
"2020/11/02 6:23:33 am GMT+5:30","Nuwara Eliya","Female","25 - 45","Diploma / Bachelor's Degree","Student","Not Applicable","Yes","Yes","Yes","No","2","ATM","Credit card payments / Loan payments","Money Withdrawal;Transfer / Deposit;Pay Utility Bills;Check the account status / balance","< 2 Km","1 - 3","Neutral","Strongly Agree","Disagree","Disagree","Strongly Agree","Neutral","Yes"
"2020/11/02 6:23:41 am GMT+5:30","Nuwara Eliya","Female","25 - 45","Diploma / Bachelor's Degree","Student","Not Applicable","Yes","Yes","Yes","No","2","ATM","Credit card payments / Loan payments","Money Withdrawal;Transfer / Deposit;Pay Utility Bills;Check the account status / balance","< 2 Km","1 - 3","Neutral","Strongly Agree","Disagree","Disagree","Strongly Agree","Neutral","Yes"
"2020/11/02 6:46:51 am GMT+5:30","Kegalle","Female","25 - 45","Diploma / Bachelor's Degree","Student","Not Applicable","Yes","Yes","Yes","No","1","ATM","Money Withdrawal","Money Withdrawal","< 2 Km","1 - 3","Neutral","Disagree","Agree","Neutral","Agree","Agree","Yes"
"2020/11/02 7:43:09 am GMT+5:30","Galle","Male","16 - 25","Diploma / Bachelor's Degree","Professional , Technical","Above 100 000","Yes","Yes","Yes","Yes","","","","","","","","","","","","",""
"2020/11/02 7:54:29 am GMT+5:30","Ampara","Prefer not to say","25 - 45","Diploma / Bachelor's Degree","Student","Not Applicable","Yes","Yes","Yes","No","3","Bank Counter;ATM","Transfer / Deposit;Pay Utility Bills;Check the account status / balance","Money Withdrawal;Transfer / Deposit;Check the account status / balance","< 2 Km","1 - 3","Agree","Donâ€™t have an idea ","Agree","Disagree","Neutral","Agree","Yes"
"2020/11/02 8:05:09 am GMT+5:30","Batticaloa","Female","25 - 45","Diploma / Bachelor's Degree","Student","Not Applicable","Yes","Yes","Yes","Yes","","","","","","","","","","","","",""
"2020/11/02 8:24:48 am GMT+5:30","Kurunegala","Male","16 - 25","Diploma / Bachelor's Degree","Student","15 000 - 50 000","Yes","Yes","Yes","No","1","Bank Counter;ATM","Transfer / Deposit;Pay Utility Bills;Check the account status / balance","Money Withdrawal","3 - 6 Km","1 - 3","Agree","Disagree","Disagree","Agree","Agree","Agree","Yes"
"2020/11/03 10:23:15 am GMT+5:30","Ampara","Female","25 - 45","Diploma / Bachelor's Degree","Teacher","Under 15 000","Yes","Maybe","No","Yes","","","","","","","","","","","","",""
"2020/11/03 11:54:00 am GMT+5:30","Colombo","Female","25 - 45","Advance Level","Home maker (house wife )","Not Applicable","Yes","Yes","Yes","No","1","Bank Counter;ATM","Money Withdrawal;Transfer / Deposit;Check the account status / balance","Money Withdrawal;Transfer / Deposit;Pay Utility Bills","Walking distance","1 - 3","Agree","Disagree","Agree","Agree","Agree","Strongly Agree","Yes"
"2020/11/03 1:04:14 pm GMT+5:30","Ampara","Female","25 - 45","Diploma / Bachelor's Degree","Student","Not Applicable","Yes","Maybe","Yes","Yes","","","","","","","","","","","","",""
"2020/11/03 10:16:45 pm GMT+5:30","Ampara","Female","16 - 25","Diploma / Bachelor's Degree","Home maker (house wife )","Not Applicable","Yes","No","Yes","No","1","Bank Counter","Money Withdrawal","I don't use ATM","Walking distance","1 - 3","Agree","Disagree","Agree","Disagree","Agree","Agree","Yes"
"2020/11/04 9:48:09 am GMT+5:30","Ampara","Female","16 - 25","Diploma / Bachelor's Degree","Home maker (house wife )","Not Applicable","Yes","No","Yes","No","1","Bank Counter","Money Withdrawal","I don't use ATM","Walking distance","1 - 3","Agree","Disagree","Agree","Disagree","Agree","Agree","Yes"
"2020/11/04 11:29:00 am GMT+5:30","Ampara","Female","25 - 45","Diploma / Bachelor's Degree","Student","Not Applicable","Yes","Yes","Yes","Yes","","","","","","","","","","","","",""
"2020/11/05 10:43:56 am GMT+5:30","Ampara","Female","16 - 25","Diploma / Bachelor's Degree","Home maker (house wife )","Not Applicable","Yes","No","Yes","No","1","Bank Counter","Money Withdrawal","I don't use ATM","Walking distance","1 - 3","Agree","Disagree","Agree","Disagree","Agree","Agree","Yes"
"2020/11/06 10:11:40 pm GMT+5:30","Ampara","Female","16 - 25","Diploma / Bachelor's Degree","Home maker (house wife )","Not Applicable","Yes","No","Yes","No","1","Bank Counter","Money Withdrawal","I don't use ATM","Walking distance","1 - 3","Agree","Disagree","Agree","Disagree","Agree","Agree","Yes"
"2020/11/11 9:38:03 pm GMT+5:30","Kurunegala","Male","16 - 25","Diploma / Bachelor's Degree","Professional , Technical","15 000 - 50 000","Yes","Yes","Yes","No","1","Bank Counter;ATM","Transfer / Deposit;Pay Utility Bills","Money Withdrawal;Transfer / Deposit","3 - 6 Km","1 - 3","Agree","Neutral","Agree","Strongly Agree","Agree","Agree","Yes"
"2020/11/23 12:27:19 pm GMT+5:30","Gampaha","Female","16 - 25","Advance Level","Home maker (house wife )","Not Applicable","No","Yes","Yes","No","1","Bank Counter;ATM","Money Withdrawal;Transfer / Deposit","Money Withdrawal;Transfer / Deposit","3 - 6 Km","1 - 3","Agree","Disagree","Agree","Disagree","Agree","Agree","Yes"
"2020/11/23 5:02:48 pm GMT+5:30","Gampaha","Female","25 - 45","Diploma / Bachelor's Degree","Student","Not Applicable","Yes","Yes","Yes","Yes","","","","","","","","","","","","",""
"2020/11/24 11:07:55 pm GMT+5:30","Ampara","Female","25 - 45","Advance Level","Teacher","15 000 - 50 000","Yes","Yes","Yes","No","1","ATM","Transfer / Deposit","Money Withdrawal","< 2 Km","1 - 3","Agree","Disagree","Neutral","Neutral","Agree","Agree","Maybe"
"2020/11/24 11:09:25 pm GMT+5:30","Batticaloa","Male","25 - 45","Diploma / Bachelor's Degree","Professional , Technical","50 000 - 100 000","Yes","Yes","Yes","No","2","Bank Counter;ATM","Money Withdrawal;Transfer / Deposit;Pay Utility Bills","Money Withdrawal;Transfer / Deposit","< 2 Km","1 - 3","Disagree","Disagree","Disagree","Disagree","Agree","Agree","Maybe"
"2020/11/24 11:11:00 pm GMT+5:30","Kurunegala","Male","25 - 45","Ordinary Level","Service and sales worker (shops and business)","Above 100 000","Yes","Yes","Yes","No","3","Bank Counter;ATM","Money Withdrawal;Transfer / Deposit;Pay Utility Bills;Check the account status / balance","Money Withdrawal","< 2 Km","1 - 3","Agree","Neutral","Agree","Disagree","Agree","Neutral","Maybe"
"2020/12/01 8:50:20 pm GMT+5:30","Colombo","Female","25 - 45","Diploma / Bachelor's Degree","Student","Not Applicable","Yes","Yes","Yes","No","1","Bank Counter;ATM","Money Withdrawal","Transfer / Deposit;Pay Utility Bills","Walking distance","1 - 3","Agree","Neutral","Disagree","Agree","Agree","Agree","Yes"
"2020/12/01 9:02:05 pm GMT+5:30","Colombo","Male","25 - 45","Diploma / Bachelor's Degree","Student","15 000 - 50 000","Yes","Yes","Yes","No","2","Bank Counter;ATM","Money Withdrawal;Pay Utility Bills;Check the account status / balance","Money Withdrawal;Transfer / Deposit;Pay Utility Bills","Walking distance","1 - 3","Agree","Disagree","Agree","Neutral","Neutral","Agree","Maybe"